transaction_id,user_id,amount,hour,day,device,location,txn_type,is_foreign,label
TXN0001,U005,280,16,5,android,Pune,WALLET,0,0
TXN0002,U010,1067,2,3,android,London,UPI,1,0
TXN0003,U041,1654,19,5,ios,Delhi,WALLET,0,0
TXN0004,U047,2835,22,4,android,London,WALLET,1,0
TXN0005,U077,2433,23,4,ios,Mumbai,WALLET,0,0
TXN0006,U053,75,4,3,android,Mumbai,UPI,0,0
TXN0007,U067,31948,12,0,web,Moscow,CARD,1,0
TXN0008,U012,262,11,6,android,Moscow,WALLET,1,0
TXN0009,U076,41537,5,1,web,London,CARD,1,0
TXN0010,U072,1190,2,5,android,Bangkok,UPI,1,0
TXN0011,U080,1701,20,5,ios,London,WALLET,1,0
TXN0012,U007,2302,18,3,android,Bangkok,WALLET,1,0
TXN0013,U079,42497,6,2,web,Moscow,CARD,1,0
TXN0014,U069,1487,3,2,web,Mumbai,UPI,0,0
TXN0015,U079,24414,5,6,web,Bangalore,CARD,0,0
TXN0016,U003,181,23,4,ios,Bangalore,WALLET,0,0
TXN0017,U058,745,21,3,ios,Mumbai,WALLET,0,0
TXN0018,U095,15533,5,5,web,Chennai,CARD,0,0
TXN0019,U091,45301,9,0,ios,Pune,CARD,0,0
TXN0020,U025,2820,3,3,web,Mumbai,WALLET,0,0
TXN0021,U026,2024,2,6,ios,London,UPI,1,0
TXN0022,U027,25782,18,0,ios,Chennai,CARD,0,0
TXN0023,U076,521,2,4,ios,Dubai,WALLET,1,0
TXN0024,U079,1648,3,4,android,Mumbai,UPI,0,0
TXN0025,U058,756,23,4,android,Delhi,UPI,0,0
TXN0026,U067,40483,20,5,web,Pune,CARD,0,0
TXN0027,U028,931,15,1,android,Bangalore,WALLET,0,0
TXN0028,U007,31395,0,4,web,Mumbai,CARD,0,0
TXN0029,U008,11470,12,2,ios,Pune,CARD,0,0
TXN0030,U071,41020,8,5,android,Bangalore,CARD,0,0
TXN0031,U076,891,0,0,android,Dubai,WALLET,1,0
TXN0032,U043,2764,18,2,ios,Moscow,WALLET,1,0
TXN0033,U065,49572,8,6,android,Pune,CARD,0,0
TXN0034,U093,2339,6,3,android,Mumbai,WALLET,0,0
TXN0035,U026,1005,9,0,android,Mumbai,WALLET,0,0
TXN0036,U076,12265,6,1,web,Dubai,CARD,1,0
TXN0037,U084,43386,5,4,ios,Chennai,CARD,0,0
TXN0038,U097,728,6,5,web,London,UPI,1,0
TXN0039,U016,36981,5,1,ios,Mumbai,CARD,0,0
TXN0040,U052,25222,15,4,android,Moscow,CARD,1,0
TXN0041,U088,11260,16,5,ios,Delhi,CARD,0,0
TXN0042,U026,47603,8,0,web,Delhi,CARD,0,0
TXN0043,U009,51,14,3,web,Delhi,UPI,0,0
TXN0044,U067,1564,23,0,ios,Pune,WALLET,0,0
TXN0045,U005,221,18,4,android,Moscow,UPI,1,0
TXN0046,U077,1264,21,5,android,Pune,WALLET,0,0
TXN0047,U093,18687,17,6,web,Chennai,CARD,0,0
TXN0048,U046,8562,4,0,web,Mumbai,CARD,0,0
TXN0049,U071,1213,12,2,web,Moscow,WALLET,1,0
TXN0050,U014,53,1,5,ios,Delhi,UPI,0,0
TXN0051,U025,35664,10,3,ios,London,CARD,1,0
TXN0052,U033,114,13,0,ios,London,UPI,1,0
TXN0053,U021,9435,19,5,android,Chennai,CARD,0,0
TXN0054,U006,22090,8,3,web,Bangkok,CARD,1,0
TXN0055,U021,15396,10,0,android,Mumbai,CARD,0,0
TXN0056,U064,200,6,5,ios,Bangalore,WALLET,0,0
TXN0057,U046,2108,23,2,ios,Moscow,UPI,1,0
TXN0058,U062,1970,6,1,web,London,WALLET,1,0
TXN0059,U032,10749,17,2,ios,London,CARD,1,0
TXN0060,U043,23823,1,1,ios,Bangalore,CARD,0,0
TXN0061,U017,2428,21,6,web,Pune,WALLET,0,0
TXN0062,U077,1894,11,6,android,Bangkok,UPI,1,0
TXN0063,U053,595,13,6,web,Chennai,UPI,0,0
TXN0064,U056,1885,10,6,web,Mumbai,WALLET,0,0
TXN0065,U018,31626,8,1,android,Chennai,CARD,0,0
TXN0066,U055,2212,20,4,android,Mumbai,UPI,0,0
TXN0067,U094,2771,15,5,android,Moscow,UPI,1,0
TXN0068,U093,195,13,6,web,London,UPI,1,0
TXN0069,U099,962,23,0,web,London,UPI,1,0
TXN0070,U048,1955,4,4,ios,Moscow,UPI,1,0
TXN0071,U090,1667,21,2,android,Pune,UPI,0,0
TXN0072,U030,13637,16,0,android,Bangalore,CARD,0,0
TXN0073,U006,2627,17,2,android,Dubai,WALLET,1,0
TXN0074,U002,287,14,6,web,Dubai,UPI,1,0
TXN0075,U001,43228,14,0,android,Moscow,CARD,1,0
TXN0076,U027,1869,1,3,ios,Mumbai,UPI,0,0
TXN0077,U039,1653,18,6,ios,Mumbai,WALLET,0,0
TXN0078,U017,1767,15,5,android,Bangalore,WALLET,0,0
TXN0079,U043,17063,14,4,android,Bangalore,CARD,0,0
TXN0080,U041,444,22,1,web,Bangalore,UPI,0,0
TXN0081,U088,1088,23,2,web,Bangalore,WALLET,0,0
TXN0082,U007,1301,0,6,web,London,WALLET,1,0
TXN0083,U040,1790,4,6,web,Bangkok,UPI,1,0
TXN0084,U099,96,16,3,web,Bangkok,UPI,1,0
TXN0085,U037,1190,21,1,web,Dubai,WALLET,1,0
TXN0086,U019,1966,9,4,android,Dubai,UPI,1,0
TXN0087,U070,2215,3,4,ios,Moscow,CARD,1,0
TXN0088,U072,172,8,6,web,Bangkok,WALLET,1,0
TXN0089,U050,21014,21,3,ios,Moscow,CARD,1,0
TXN0090,U019,24967,21,0,android,Bangkok,CARD,1,0
TXN0091,U079,1749,4,6,web,London,UPI,1,0
TXN0092,U055,312,11,1,ios,Dubai,UPI,1,0
TXN0093,U049,48248,5,4,ios,Moscow,CARD,1,0
TXN0094,U016,2250,10,3,android,Mumbai,WALLET,0,0
TXN0095,U053,1384,16,4,web,London,UPI,1,0
TXN0096,U041,731,21,3,android,Moscow,WALLET,1,0
TXN0097,U073,1258,16,3,android,Moscow,WALLET,1,0
TXN0098,U073,551,6,5,ios,Dubai,UPI,1,0
TXN0099,U028,466,8,1,web,Delhi,WALLET,0,0
TXN0100,U075,44961,1,5,web,Chennai,CARD,0,0
TXN0101,U031,28482,0,6,ios,Mumbai,CARD,0,0
TXN0102,U069,1076,23,6,web,Dubai,UPI,1,0
TXN0103,U058,1734,0,1,ios,Pune,WALLET,0,0
TXN0104,U098,1575,1,5,web,Bangkok,UPI,1,0
TXN0105,U097,1692,4,1,ios,Delhi,UPI,0,0
TXN0106,U086,21534,8,4,ios,Bangalore,CARD,0,0
TXN0107,U014,630,23,0,ios,Pune,UPI,0,0
TXN0108,U058,38640,2,6,web,Chennai,CARD,0,0
TXN0109,U072,47267,5,3,web,Mumbai,CARD,0,0
TXN0110,U091,616,16,2,web,Chennai,UPI,0,0
TXN0111,U079,2883,4,4,web,Moscow,WALLET,1,0
TXN0112,U050,35615,16,5,ios,London,CARD,1,0
TXN0113,U069,543,2,4,android,Pune,UPI,0,0
TXN0114,U041,783,17,0,web,London,WALLET,1,0
TXN0115,U081,44640,14,0,android,Moscow,CARD,1,0
TXN0116,U044,1458,16,1,android,Mumbai,WALLET,0,0
TXN0117,U041,31304,16,4,android,Moscow,CARD,1,0
TXN0118,U074,170,19,6,ios,Pune,UPI,0,0
TXN0119,U013,2288,5,0,web,Pune,WALLET,0,0
TXN0120,U062,520,6,1,web,Delhi,UPI,0,0
TXN0121,U038,1608,23,6,web,London,CARD,1,0
TXN0122,U009,36902,12,2,ios,Mumbai,CARD,0,0
TXN0123,U052,2544,23,2,android,Dubai,UPI,1,0
TXN0124,U063,810,13,3,web,Chennai,UPI,0,0
TXN0125,U016,674,12,1,ios,Mumbai,UPI,0,0
TXN0126,U068,1884,15,2,web,Moscow,UPI,1,0
TXN0127,U096,754,4,5,web,Mumbai,WALLET,0,0
TXN0128,U065,42298,6,2,ios,Bangalore,CARD,0,0
TXN0129,U094,1788,11,4,android,Moscow,WALLET,1,0
TXN0130,U081,300,4,3,ios,London,WALLET,1,0
TXN0131,U040,206,18,4,web,Bangalore,WALLET,0,0
TXN0132,U005,1007,4,3,web,Pune,UPI,0,0
TXN0133,U078,1981,22,5,android,Chennai,WALLET,0,0
TXN0134,U049,1921,10,3,web,Dubai,WALLET,1,0
TXN0135,U084,6598,12,6,web,Dubai,CARD,1,0
TXN0136,U084,2133,12,2,android,London,WALLET,1,0
TXN0137,U085,36698,5,0,android,Moscow,CARD,1,0
TXN0138,U023,2040,13,3,web,Chennai,UPI,0,0
TXN0139,U019,1741,23,4,ios,Delhi,WALLET,0,0
TXN0140,U082,1534,20,2,android,Dubai,UPI,1,0
TXN0141,U003,21893,6,4,ios,Pune,CARD,0,0
TXN0142,U053,2371,10,1,android,Bangkok,UPI,1,0
TXN0143,U020,23556,12,0,web,Moscow,CARD,1,0
TXN0144,U074,926,20,4,ios,Bangkok,UPI,1,0
TXN0145,U017,528,23,2,android,Chennai,UPI,0,0
TXN0146,U066,34740,23,6,android,Pune,CARD,0,0
TXN0147,U097,1856,4,4,web,Dubai,UPI,1,0
TXN0148,U006,177,14,0,ios,Dubai,UPI,1,0
TXN0149,U032,32180,4,3,web,Pune,CARD,0,0
TXN0150,U004,2185,2,5,ios,Bangkok,WALLET,1,0
TXN0151,U086,610,18,4,android,Bangkok,WALLET,1,0
TXN0152,U073,1119,4,3,ios,Moscow,UPI,1,0
TXN0153,U060,206,14,4,web,Delhi,UPI,0,0
TXN0154,U045,42520,14,4,ios,Moscow,CARD,1,0
TXN0155,U016,2290,9,1,ios,Dubai,UPI,1,0
TXN0156,U086,2707,19,3,web,Mumbai,UPI,0,0
TXN0157,U080,40362,20,4,android,Mumbai,CARD,0,0
TXN0158,U056,2986,8,4,web,Bangkok,WALLET,1,0
TXN0159,U081,2296,20,0,ios,Chennai,WALLET,0,0
TXN0160,U036,41521,16,4,ios,Mumbai,CARD,0,0
TXN0161,U071,19945,4,0,web,London,CARD,1,1
TXN0162,U076,2513,20,5,web,Dubai,UPI,1,0
TXN0163,U091,34564,20,4,android,Pune,CARD,0,0
TXN0164,U051,31227,21,6,android,Delhi,CARD,0,0
TXN0165,U069,1767,16,5,web,Mumbai,WALLET,0,0
TXN0166,U029,1219,9,6,ios,Bangkok,WALLET,1,0
TXN0167,U072,29742,21,6,ios,Moscow,CARD,1,0
TXN0168,U006,111,15,6,ios,Bangalore,UPI,0,0
TXN0169,U029,2625,0,0,web,Chennai,WALLET,0,0
TXN0170,U073,1885,9,5,ios,London,WALLET,1,0
TXN0171,U064,1232,9,4,web,Delhi,WALLET,0,0
TXN0172,U066,2980,15,6,web,Moscow,WALLET,1,0
TXN0173,U034,2855,15,3,web,London,UPI,1,0
TXN0174,U016,537,8,4,android,Bangalore,UPI,0,0
TXN0175,U035,1676,8,2,android,Bangalore,UPI,0,0
TXN0176,U057,11591,19,2,ios,Delhi,CARD,0,0
TXN0177,U083,1458,6,3,ios,Dubai,UPI,1,0
TXN0178,U053,31292,3,2,ios,Bangkok,CARD,1,1
TXN0179,U082,9626,19,1,ios,Chennai,CARD,0,0
TXN0180,U026,575,5,6,android,Bangkok,UPI,1,0
TXN0181,U036,1083,10,1,web,Pune,WALLET,0,0
TXN0182,U098,1721,11,1,web,Mumbai,WALLET,0,0
TXN0183,U027,2954,6,4,android,Bangalore,WALLET,0,0
TXN0184,U014,1728,23,6,android,Delhi,WALLET,0,0
TXN0185,U079,14409,20,6,android,London,CARD,1,0
TXN0186,U059,545,13,2,ios,Dubai,WALLET,1,0
TXN0187,U032,1940,20,1,ios,Moscow,UPI,1,0
TXN0188,U081,2576,4,6,ios,London,WALLET,1,0
TXN0189,U080,223,2,4,android,Dubai,WALLET,1,0
TXN0190,U054,623,15,5,android,Bangkok,WALLET,1,0
TXN0191,U023,922,23,4,web,Chennai,WALLET,0,0
TXN0192,U089,2060,22,2,web,Chennai,WALLET,0,0
TXN0193,U091,493,2,4,web,London,WALLET,1,0
TXN0194,U078,1159,17,0,ios,Dubai,UPI,1,0
TXN0195,U032,41748,6,2,android,Mumbai,CARD,0,0
TXN0196,U006,38311,4,0,web,Mumbai,CARD,0,0
TXN0197,U018,45865,4,2,ios,Pune,CARD,0,0
TXN0198,U034,2954,16,2,web,Delhi,UPI,0,0
TXN0199,U061,19390,10,3,web,Moscow,CARD,1,0
TXN0200,U067,1822,21,2,web,Dubai,UPI,1,0
TXN0201,U006,18763,8,2,web,Chennai,CARD,0,0
TXN0202,U004,257,18,5,android,Pune,WALLET,0,0
TXN0203,U052,2088,11,0,web,Pune,UPI,0,0
TXN0204,U099,47571,14,2,web,Bangkok,CARD,1,0
TXN0205,U010,1943,14,6,android,Pune,UPI,0,0
TXN0206,U082,1870,22,4,ios,Mumbai,WALLET,0,0
TXN0207,U066,2949,11,6,ios,Pune,UPI,0,0
TXN0208,U078,14895,5,5,web,Mumbai,CARD,0,0
TXN0209,U096,1528,4,6,ios,Pune,WALLET,0,0
TXN0210,U076,23836,6,5,web,London,CARD,1,0
TXN0211,U036,738,10,2,android,Bangalore,WALLET,0,0
TXN0212,U076,936,7,2,ios,Bangalore,WALLET,0,0
TXN0213,U073,49320,8,1,web,Bangkok,CARD,1,0
TXN0214,U063,1401,1,6,web,Dubai,WALLET,1,0
TXN0215,U015,2737,0,4,ios,Bangalore,WALLET,0,0
TXN0216,U024,1977,1,6,android,Delhi,WALLET,0,0
TXN0217,U099,9602,11,3,web,London,CARD,1,0
TXN0218,U062,787,5,4,ios,London,WALLET,1,0
TXN0219,U005,34218,11,6,ios,Dubai,CARD,1,0
TXN0220,U079,1281,9,6,ios,Mumbai,WALLET,0,0
TXN0221,U078,27395,17,4,android,London,CARD,1,0
TXN0222,U079,3530,20,4,ios,Dubai,CARD,1,0
TXN0223,U052,537,8,5,android,Chennai,UPI,0,0
TXN0224,U047,1146,2,2,web,Chennai,WALLET,0,0
TXN0225,U021,1800,7,6,android,Mumbai,UPI,0,0
TXN0226,U018,893,12,0,web,Mumbai,WALLET,0,0
TXN0227,U085,2089,13,0,android,Mumbai,WALLET,0,0
TXN0228,U085,2610,18,5,android,Chennai,WALLET,0,0
TXN0229,U032,2883,2,6,ios,Mumbai,WALLET,0,0
TXN0230,U067,1009,12,0,web,Delhi,WALLET,0,0
TXN0231,U010,2703,16,3,web,Mumbai,UPI,0,0
TXN0232,U045,35792,23,1,ios,Chennai,CARD,0,0
TXN0233,U075,1186,19,6,android,Moscow,WALLET,1,0
TXN0234,U053,1606,15,6,web,Bangalore,UPI,0,0
TXN0235,U071,2688,9,4,web,Chennai,WALLET,0,0
TXN0236,U030,714,17,4,android,Chennai,UPI,0,0
TXN0237,U082,2612,6,5,web,Dubai,UPI,1,0
TXN0238,U040,2366,22,3,android,Moscow,UPI,1,0
TXN0239,U099,2416,18,0,web,Dubai,UPI,1,0
TXN0240,U085,14998,6,2,android,Moscow,CARD,1,0
TXN0241,U059,507,3,5,web,Pune,WALLET,0,0
TXN0242,U070,1449,7,5,ios,Mumbai,WALLET,0,0
TXN0243,U052,2916,0,6,web,Delhi,UPI,0,0
TXN0244,U099,625,21,0,web,Chennai,WALLET,0,0
TXN0245,U072,2389,1,3,ios,Pune,UPI,0,0
TXN0246,U074,20876,1,0,android,Delhi,CARD,0,0
TXN0247,U044,2020,8,1,android,Moscow,WALLET,1,0
TXN0248,U090,45185,9,5,web,Dubai,CARD,1,0
TXN0249,U001,2108,18,5,android,Delhi,WALLET,0,0
TXN0250,U090,2049,19,5,ios,London,UPI,1,0
TXN0251,U023,701,21,6,android,Bangalore,WALLET,0,0
TXN0252,U013,1227,20,6,web,Chennai,WALLET,0,0
TXN0253,U037,517,0,4,ios,Mumbai,WALLET,0,0
TXN0254,U003,36445,15,3,android,Bangkok,CARD,1,0
TXN0255,U041,1828,5,5,ios,Bangalore,UPI,0,0
TXN0256,U051,9004,15,3,web,Chennai,CARD,0,0
TXN0257,U095,2782,9,6,web,Moscow,WALLET,1,0
TXN0258,U023,836,11,0,android,Moscow,UPI,1,0
TXN0259,U052,20896,3,2,ios,Dubai,CARD,1,1
TXN0260,U082,1285,22,1,web,Delhi,UPI,0,0
TXN0261,U067,23737,2,5,web,Bangkok,CARD,1,1
TXN0262,U092,1970,18,4,ios,Dubai,UPI,1,0
TXN0263,U030,2763,17,3,android,Bangalore,WALLET,0,0
TXN0264,U012,390,17,5,android,Pune,UPI,0,0
TXN0265,U046,1733,18,0,ios,Pune,UPI,0,0
TXN0266,U049,41207,0,0,android,London,CARD,1,1
TXN0267,U025,48904,10,1,ios,Dubai,CARD,1,0
TXN0268,U004,1475,21,1,ios,Dubai,CARD,1,0
TXN0269,U018,482,11,4,web,Bangalore,UPI,0,0
TXN0270,U015,1381,6,6,web,Delhi,WALLET,0,0
TXN0271,U065,46948,2,3,ios,Bangalore,CARD,0,0
TXN0272,U021,2555,17,2,android,London,UPI,1,0
TXN0273,U014,10348,15,2,web,Bangalore,CARD,0,0
TXN0274,U005,978,8,2,ios,Delhi,UPI,0,0
TXN0275,U044,882,19,2,web,Dubai,WALLET,1,0
TXN0276,U020,2754,15,4,android,Bangalore,WALLET,0,0
TXN0277,U070,248,15,5,ios,Moscow,UPI,1,0
TXN0278,U095,332,16,6,android,Dubai,WALLET,1,0
TXN0279,U094,146,8,0,ios,London,WALLET,1,0
TXN0280,U040,89,7,4,web,Moscow,UPI,1,0
TXN0281,U053,9287,6,3,ios,Pune,CARD,0,0
TXN0282,U032,2777,22,3,android,London,WALLET,1,0
TXN0283,U043,31321,11,3,web,Pune,CARD,0,0
TXN0284,U033,1991,15,2,ios,Mumbai,WALLET,0,0
TXN0285,U060,1609,14,5,ios,Dubai,WALLET,1,0
TXN0286,U028,1921,14,0,web,Delhi,UPI,0,0
TXN0287,U068,4536,7,3,ios,London,CARD,1,0
TXN0288,U007,1593,11,3,ios,Delhi,WALLET,0,0
TXN0289,U018,44327,22,5,web,Delhi,CARD,0,0
TXN0290,U018,15697,19,2,android,Moscow,CARD,1,0
TXN0291,U084,5297,11,2,web,London,CARD,1,0
TXN0292,U010,2014,0,3,ios,Bangalore,WALLET,0,0
TXN0293,U091,2981,8,4,android,Delhi,UPI,0,0
TXN0294,U021,45147,18,6,android,Delhi,CARD,0,0
TXN0295,U071,2447,11,1,web,Bangalore,UPI,0,0
TXN0296,U028,2353,12,6,android,Bangkok,WALLET,1,0
TXN0297,U078,1746,22,4,android,Dubai,UPI,1,0
TXN0298,U085,2827,19,4,android,Delhi,WALLET,0,0
TXN0299,U035,282,10,5,ios,Bangalore,UPI,0,0
TXN0300,U015,2008,14,6,ios,Moscow,WALLET,1,0
TXN0301,U034,40809,15,1,ios,Bangkok,CARD,1,0
TXN0302,U015,836,8,3,web,Bangalore,UPI,0,0
TXN0303,U054,21884,11,2,web,Mumbai,CARD,0,0
TXN0304,U080,2205,18,1,ios,London,WALLET,1,0
TXN0305,U077,28185,8,3,ios,Bangalore,CARD,0,0
TXN0306,U087,2726,20,2,ios,Moscow,WALLET,1,0
TXN0307,U079,38202,23,0,ios,Delhi,CARD,0,0
TXN0308,U060,981,12,0,web,Bangkok,WALLET,1,0
TXN0309,U087,1340,4,2,ios,Delhi,UPI,0,0
TXN0310,U080,2931,10,2,android,Dubai,UPI,1,0
TXN0311,U022,23889,18,0,android,Delhi,CARD,0,0
TXN0312,U088,894,16,0,android,Bangalore,WALLET,0,0
TXN0313,U083,2949,7,6,ios,Pune,UPI,0,0
TXN0314,U009,349,6,3,ios,Moscow,UPI,1,0
TXN0315,U017,866,23,0,ios,London,WALLET,1,0
TXN0316,U006,289,11,3,ios,Mumbai,UPI,0,0
TXN0317,U007,1819,11,6,web,Bangkok,WALLET,1,0
TXN0318,U092,938,16,6,android,Delhi,WALLET,0,0
TXN0319,U058,414,7,3,android,London,UPI,1,0
TXN0320,U001,2371,13,0,android,Pune,UPI,0,0
TXN0321,U006,901,0,1,ios,Delhi,WALLET,0,0
TXN0322,U056,9488,22,5,web,Bangkok,CARD,1,0
TXN0323,U003,7589,2,4,android,Delhi,CARD,0,0
TXN0324,U021,1023,5,1,android,Delhi,WALLET,0,0
TXN0325,U084,208,19,5,android,London,WALLET,1,0
TXN0326,U036,1257,11,4,web,Delhi,UPI,0,0
TXN0327,U090,2831,7,1,web,Dubai,WALLET,1,0
TXN0328,U037,12577,22,3,web,Pune,CARD,0,0
TXN0329,U063,2320,19,3,android,Moscow,WALLET,1,0
TXN0330,U092,29018,23,6,web,Pune,CARD,0,0
TXN0331,U083,27278,14,1,android,Bangalore,CARD,0,0
TXN0332,U096,11517,8,6,android,Bangkok,CARD,1,0
TXN0333,U013,1228,7,6,ios,Bangkok,WALLET,1,0
TXN0334,U014,49149,1,1,ios,Moscow,CARD,1,1
TXN0335,U089,49285,19,4,ios,Mumbai,CARD,0,0
TXN0336,U020,2959,6,6,ios,Dubai,UPI,1,0
TXN0337,U075,1262,9,2,web,Bangalore,UPI,0,0
TXN0338,U096,19640,19,3,android,Mumbai,CARD,0,0
TXN0339,U014,1089,0,1,ios,Bangalore,WALLET,0,0
TXN0340,U073,22442,20,6,ios,Bangkok,CARD,1,0
TXN0341,U079,36532,19,0,ios,Mumbai,CARD,0,0
TXN0342,U048,955,9,3,ios,Pune,UPI,0,0
TXN0343,U098,2884,15,2,ios,Moscow,WALLET,1,0
TXN0344,U025,1706,17,1,ios,Bangkok,WALLET,1,0
TXN0345,U075,2354,7,2,web,Delhi,UPI,0,0
TXN0346,U030,1148,17,0,web,Pune,UPI,0,0
TXN0347,U079,21249,12,2,web,Dubai,CARD,1,0
TXN0348,U067,158,14,5,ios,Mumbai,UPI,0,0
TXN0349,U083,123,12,5,web,Bangkok,UPI,1,0
TXN0350,U013,47486,19,0,android,Chennai,CARD,0,0
TXN0351,U080,873,9,5,android,Bangalore,WALLET,0,0
TXN0352,U033,734,9,0,ios,Mumbai,WALLET,0,0
TXN0353,U072,301,7,4,web,Pune,UPI,0,0
TXN0354,U016,3790,16,0,android,Delhi,CARD,0,0
TXN0355,U088,3611,5,4,web,Moscow,CARD,1,0
TXN0356,U023,5847,0,6,ios,Bangkok,CARD,1,0
TXN0357,U092,48375,19,2,web,Bangalore,CARD,0,0
TXN0358,U096,292,20,2,web,Dubai,UPI,1,0
TXN0359,U053,10754,13,4,ios,Chennai,CARD,0,0
TXN0360,U095,2404,11,4,ios,Pune,UPI,0,0
TXN0361,U039,21834,16,0,ios,Moscow,CARD,1,0
TXN0362,U022,43768,14,4,android,Moscow,CARD,1,0
TXN0363,U098,26011,9,6,ios,Bangkok,CARD,1,0
TXN0364,U030,1763,23,3,web,Bangkok,WALLET,1,0
TXN0365,U051,1789,4,1,ios,Delhi,WALLET,0,0
TXN0366,U015,46634,2,3,android,Chennai,CARD,0,0
TXN0367,U033,2569,5,4,web,Dubai,CARD,1,0
TXN0368,U056,1617,9,4,android,Delhi,UPI,0,0
TXN0369,U016,2444,6,4,android,Mumbai,CARD,0,0
TXN0370,U015,722,13,0,android,Chennai,WALLET,0,0
TXN0371,U028,1272,19,0,web,London,WALLET,1,0
TXN0372,U092,1600,0,4,ios,Dubai,WALLET,1,0
TXN0373,U068,22309,19,2,web,Bangkok,CARD,1,0
TXN0374,U046,8353,4,5,ios,Delhi,CARD,0,0
TXN0375,U011,552,0,6,android,Moscow,UPI,1,0
TXN0376,U062,2166,21,3,web,Pune,UPI,0,0
TXN0377,U077,26907,8,0,ios,Pune,CARD,0,0
TXN0378,U002,25010,11,2,web,Bangalore,CARD,0,0
TXN0379,U053,693,13,5,android,Dubai,WALLET,1,0
TXN0380,U068,303,20,5,ios,Mumbai,WALLET,0,0
TXN0381,U004,2411,20,6,ios,Bangalore,UPI,0,0
TXN0382,U051,40701,7,1,android,London,CARD,1,0
TXN0383,U037,892,21,6,android,Mumbai,UPI,0,0
TXN0384,U086,40389,8,1,android,Bangkok,CARD,1,0
TXN0385,U071,1577,1,3,ios,Bangalore,UPI,0,0
TXN0386,U096,13845,5,2,ios,Moscow,CARD,1,0
TXN0387,U002,321,4,0,ios,Delhi,UPI,0,0
TXN0388,U044,985,18,6,ios,Bangkok,WALLET,1,0
TXN0389,U008,1313,8,2,android,Dubai,WALLET,1,0
TXN0390,U029,335,8,5,android,Chennai,WALLET,0,0
TXN0391,U061,857,21,0,android,Moscow,WALLET,1,0
TXN0392,U085,2020,12,6,web,Moscow,UPI,1,0
TXN0393,U036,329,1,3,ios,Bangkok,WALLET,1,0
TXN0394,U019,2503,12,6,web,Dubai,WALLET,1,0
TXN0395,U040,2440,6,6,android,Bangalore,WALLET,0,0
TXN0396,U013,308,9,2,web,Pune,UPI,0,0
TXN0397,U032,21384,23,3,web,Moscow,CARD,1,0
TXN0398,U011,2014,19,1,android,London,UPI,1,0
TXN0399,U048,2578,9,6,web,Dubai,WALLET,1,0
TXN0400,U089,1183,2,5,android,Chennai,UPI,0,0
TXN0401,U085,1256,11,2,web,Pune,WALLET,0,0
TXN0402,U022,1414,21,4,ios,Moscow,WALLET,1,0
TXN0403,U016,42491,19,1,web,Bangalore,CARD,0,0
TXN0404,U037,2957,17,4,android,Delhi,UPI,0,0
TXN0405,U091,2955,10,0,web,Mumbai,UPI,0,0
TXN0406,U043,1127,1,5,web,Chennai,UPI,0,0
TXN0407,U072,785,2,4,web,Pune,UPI,0,0
TXN0408,U033,23952,23,2,android,Delhi,CARD,0,0
TXN0409,U074,799,23,5,ios,Mumbai,UPI,0,0
TXN0410,U047,6270,20,0,ios,Bangkok,CARD,1,0
TXN0411,U049,1762,1,4,ios,Pune,WALLET,0,0
TXN0412,U034,1541,15,2,android,Moscow,UPI,1,0
TXN0413,U084,2272,23,2,ios,Dubai,UPI,1,0
TXN0414,U092,210,8,3,ios,London,WALLET,1,0
TXN0415,U076,1175,23,6,web,Bangkok,UPI,1,0
TXN0416,U011,1924,12,4,web,Chennai,UPI,0,0
TXN0417,U044,2242,16,0,ios,Pune,WALLET,0,0
TXN0418,U070,47811,12,5,android,Pune,CARD,0,0
TXN0419,U028,46661,4,2,web,Moscow,CARD,1,1
TXN0420,U024,2302,21,6,ios,Bangalore,WALLET,0,0
TXN0421,U084,48259,21,4,ios,Mumbai,CARD,0,0
TXN0422,U070,3735,12,2,android,Dubai,CARD,1,0
TXN0423,U001,2621,12,6,web,Dubai,WALLET,1,0
TXN0424,U065,2563,19,5,web,Delhi,UPI,0,0
TXN0425,U023,2173,4,4,android,Delhi,UPI,0,0
TXN0426,U070,37095,6,4,android,Chennai,CARD,0,0
TXN0427,U017,22037,4,5,web,Moscow,CARD,1,1
TXN0428,U023,20628,17,5,ios,Dubai,CARD,1,0
TXN0429,U042,1923,5,6,ios,Dubai,WALLET,1,0
TXN0430,U082,11170,5,3,ios,Chennai,CARD,0,0
TXN0431,U029,17163,1,2,web,Moscow,CARD,1,1
TXN0432,U056,2870,2,0,web,Delhi,UPI,0,0
TXN0433,U055,2425,5,3,android,Bangkok,WALLET,1,0
TXN0434,U012,11701,5,6,web,Dubai,CARD,1,0
TXN0435,U034,1125,0,1,ios,Bangkok,WALLET,1,0
TXN0436,U038,2199,12,2,ios,London,UPI,1,0
TXN0437,U013,27733,0,5,web,Moscow,CARD,1,1
TXN0438,U045,2669,13,5,ios,Bangalore,WALLET,0,0
TXN0439,U074,48155,8,4,web,Delhi,CARD,0,0
TXN0440,U003,1178,17,3,web,Pune,WALLET,0,0
TXN0441,U055,1747,4,5,web,Bangalore,UPI,0,0
TXN0442,U049,1066,3,1,ios,Dubai,UPI,1,0
TXN0443,U029,396,19,3,android,London,UPI,1,0
TXN0444,U011,1050,2,1,web,Moscow,UPI,1,0
TXN0445,U055,1505,3,6,web,Pune,WALLET,0,0
TXN0446,U091,2977,21,6,web,London,UPI,1,0
TXN0447,U091,10627,3,2,ios,Delhi,CARD,0,0
TXN0448,U032,2838,23,5,ios,Dubai,WALLET,1,0
TXN0449,U077,1505,16,4,android,Chennai,WALLET,0,0
TXN0450,U069,1752,12,0,android,Delhi,WALLET,0,0
TXN0451,U006,1543,1,4,android,London,UPI,1,0
TXN0452,U093,15478,18,2,android,Moscow,CARD,1,0
TXN0453,U099,8534,11,2,android,Bangkok,CARD,1,0
TXN0454,U058,2057,4,2,ios,Chennai,UPI,0,0
TXN0455,U080,45853,0,3,web,Bangkok,CARD,1,1
TXN0456,U017,297,18,6,web,Bangkok,WALLET,1,0
TXN0457,U083,1633,22,3,ios,Chennai,WALLET,0,0
TXN0458,U078,2658,5,5,web,London,WALLET,1,0
TXN0459,U044,1204,18,3,web,Chennai,UPI,0,0
TXN0460,U054,44414,16,5,ios,Chennai,CARD,0,0
TXN0461,U006,980,2,5,web,Bangkok,WALLET,1,0
TXN0462,U003,1825,14,2,web,Bangkok,UPI,1,0
TXN0463,U006,1058,19,2,web,Delhi,WALLET,0,0
TXN0464,U049,46857,20,0,ios,Dubai,CARD,1,0
TXN0465,U005,1475,2,6,ios,London,UPI,1,0
TXN0466,U046,1278,12,4,android,Pune,UPI,0,0
TXN0467,U080,1806,15,2,web,Chennai,WALLET,0,0
TXN0468,U086,24661,16,4,web,Delhi,CARD,0,0
TXN0469,U007,503,23,4,web,Bangkok,WALLET,1,0
TXN0470,U097,25560,16,4,android,Bangalore,CARD,0,0
TXN0471,U096,306,4,4,web,Moscow,UPI,1,0
TXN0472,U038,2962,19,3,ios,Pune,UPI,0,0
TXN0473,U016,21978,10,1,ios,Delhi,CARD,0,0
TXN0474,U027,1313,10,1,web,Bangkok,UPI,1,0
TXN0475,U006,22836,13,2,android,Delhi,CARD,0,0
TXN0476,U074,24331,7,5,web,Dubai,CARD,1,0
TXN0477,U021,31132,8,6,android,Moscow,CARD,1,0
TXN0478,U017,2684,4,6,ios,Dubai,CARD,1,0
TXN0479,U080,1572,4,0,android,Mumbai,UPI,0,0
TXN0480,U027,458,21,0,ios,Mumbai,WALLET,0,0
TXN0481,U021,1525,7,5,ios,Bangalore,WALLET,0,0
TXN0482,U042,2276,12,0,ios,Delhi,UPI,0,0
TXN0483,U053,816,1,3,web,Pune,WALLET,0,0
TXN0484,U048,53,14,1,ios,Delhi,UPI,0,0
TXN0485,U009,38539,22,4,android,London,CARD,1,0
TXN0486,U003,1999,20,5,android,London,WALLET,1,0
TXN0487,U068,2294,21,0,ios,Delhi,WALLET,0,0
TXN0488,U060,221,21,1,web,Bangalore,UPI,0,0
TXN0489,U081,195,16,6,ios,Dubai,UPI,1,0
TXN0490,U065,1049,7,1,ios,Mumbai,UPI,0,0
TXN0491,U031,36510,2,4,ios,Mumbai,CARD,0,0
TXN0492,U097,2929,7,1,web,Pune,WALLET,0,0
TXN0493,U064,49091,12,6,web,Moscow,CARD,1,0
TXN0494,U039,2058,21,0,ios,Moscow,UPI,1,0
TXN0495,U055,2037,3,2,android,Bangalore,UPI,0,0
TXN0496,U038,2783,10,3,android,Bangkok,WALLET,1,0
TXN0497,U048,7778,12,4,ios,Mumbai,CARD,0,0
TXN0498,U041,1847,3,2,android,Bangalore,UPI,0,0
TXN0499,U005,1972,19,1,android,Bangkok,WALLET,1,0
TXN0500,U009,1725,2,6,android,Moscow,UPI,1,0
TXN0501,U012,1369,20,4,web,Dubai,WALLET,1,0
TXN0502,U099,1661,12,5,ios,Bangkok,UPI,1,0
TXN0503,U058,48098,4,3,web,Moscow,CARD,1,1
TXN0504,U053,38140,10,5,web,Delhi,CARD,0,0
TXN0505,U004,948,8,6,web,London,WALLET,1,0
TXN0506,U087,31477,9,5,ios,Bangkok,CARD,1,0
TXN0507,U084,1194,8,2,web,Delhi,UPI,0,0
TXN0508,U004,775,12,5,ios,London,WALLET,1,0
TXN0509,U086,24444,16,5,ios,Mumbai,CARD,0,0
TXN0510,U057,37789,11,6,web,Mumbai,CARD,0,0
TXN0511,U071,27622,0,0,android,Bangalore,CARD,0,0
TXN0512,U059,7342,8,3,android,Pune,CARD,0,0
TXN0513,U082,2546,11,5,web,Mumbai,WALLET,0,0
TXN0514,U052,849,12,3,android,Bangkok,WALLET,1,0
TXN0515,U030,1847,15,0,android,London,WALLET,1,0
TXN0516,U080,1364,0,4,web,Delhi,UPI,0,0
TXN0517,U043,391,14,4,ios,Delhi,WALLET,0,0
TXN0518,U040,710,14,3,web,Delhi,UPI,0,0
TXN0519,U091,41075,13,6,ios,Bangalore,CARD,0,0
TXN0520,U035,708,13,0,ios,Mumbai,UPI,0,0
TXN0521,U090,692,14,0,android,Delhi,UPI,0,0
TXN0522,U025,43594,20,6,android,Bangalore,CARD,0,0
TXN0523,U081,1434,15,6,web,Delhi,WALLET,0,0
TXN0524,U018,976,15,2,android,Pune,UPI,0,0
TXN0525,U001,36148,14,1,android,Moscow,CARD,1,0
TXN0526,U045,1235,11,2,android,London,UPI,1,0
TXN0527,U001,297,6,1,android,Chennai,WALLET,0,0
TXN0528,U001,702,15,6,web,London,WALLET,1,0
TXN0529,U024,801,8,5,ios,Bangalore,UPI,0,0
TXN0530,U005,842,6,6,android,London,UPI,1,0
TXN0531,U028,47835,11,0,web,Delhi,CARD,0,0
TXN0532,U047,2135,15,6,web,Dubai,UPI,1,0
TXN0533,U049,2504,8,1,android,Bangalore,WALLET,0,0
TXN0534,U007,28358,10,4,web,Pune,CARD,0,0
TXN0535,U043,791,6,1,ios,Dubai,WALLET,1,0
TXN0536,U072,2833,17,4,web,Chennai,WALLET,0,0
TXN0537,U040,2961,16,3,android,Delhi,WALLET,0,0
TXN0538,U022,959,14,4,ios,Bangkok,UPI,1,0
TXN0539,U069,2530,7,2,web,Pune,UPI,0,0
TXN0540,U088,349,5,0,web,Delhi,UPI,0,0
TXN0541,U072,1834,6,2,android,Mumbai,WALLET,0,0
TXN0542,U088,2639,18,1,web,Bangalore,UPI,0,0
TXN0543,U073,391,14,1,android,Bangkok,UPI,1,0
TXN0544,U018,337,8,5,web,Bangkok,UPI,1,0
TXN0545,U045,386,22,3,web,Bangalore,WALLET,0,0
TXN0546,U071,1606,7,0,android,Pune,WALLET,0,0
TXN0547,U086,1837,12,0,ios,Bangkok,UPI,1,0
TXN0548,U007,1726,7,5,android,Chennai,UPI,0,0
TXN0549,U051,1682,6,6,android,Delhi,UPI,0,0
TXN0550,U005,1938,1,6,ios,London,UPI,1,0
TXN0551,U088,48740,6,5,android,Pune,CARD,0,0
TXN0552,U012,19016,23,4,ios,Chennai,CARD,0,0
TXN0553,U034,427,17,4,web,Moscow,UPI,1,0
TXN0554,U022,9688,23,5,ios,Delhi,CARD,0,0
TXN0555,U092,195,2,5,ios,Bangalore,UPI,0,0
TXN0556,U002,32206,6,0,web,Moscow,CARD,1,0
TXN0557,U082,30239,18,5,ios,Pune,CARD,0,0
TXN0558,U023,1369,23,4,ios,Pune,WALLET,0,0
TXN0559,U082,906,10,5,android,Moscow,WALLET,1,0
TXN0560,U098,1579,13,2,web,Chennai,WALLET,0,0
TXN0561,U049,40258,3,5,web,Chennai,CARD,0,0
TXN0562,U059,2181,21,1,ios,Bangkok,UPI,1,0
TXN0563,U026,2480,12,4,ios,Bangkok,WALLET,1,0
TXN0564,U096,820,15,3,web,Delhi,WALLET,0,0
TXN0565,U098,1766,9,1,android,Dubai,UPI,1,0
TXN0566,U020,27749,9,2,web,London,CARD,1,0
TXN0567,U049,1874,22,4,web,Bangkok,WALLET,1,0
TXN0568,U094,2715,6,5,web,Moscow,UPI,1,0
TXN0569,U030,2690,7,6,web,Delhi,UPI,0,0
TXN0570,U009,1772,3,3,ios,London,WALLET,1,0
TXN0571,U039,531,7,4,android,London,WALLET,1,0
TXN0572,U014,1213,3,2,web,Dubai,UPI,1,0
TXN0573,U062,2102,14,6,web,Pune,WALLET,0,0
TXN0574,U045,18506,10,2,android,Dubai,CARD,1,0
TXN0575,U090,2242,18,0,web,Moscow,UPI,1,0
TXN0576,U069,110,18,2,web,Chennai,UPI,0,0
TXN0577,U062,2401,18,5,web,Mumbai,UPI,0,0
TXN0578,U038,18075,22,3,web,Bangalore,CARD,0,0
TXN0579,U052,530,0,2,android,Mumbai,WALLET,0,0
TXN0580,U037,1709,13,1,ios,Mumbai,WALLET,0,0
TXN0581,U059,11760,14,2,android,Bangalore,CARD,0,0
TXN0582,U031,430,10,6,web,Mumbai,UPI,0,0
TXN0583,U046,459,6,4,ios,Mumbai,WALLET,0,0
TXN0584,U100,725,1,2,ios,Bangalore,UPI,0,0
TXN0585,U065,2393,13,4,android,Delhi,UPI,0,0
TXN0586,U027,530,16,6,android,Pune,WALLET,0,0
TXN0587,U001,2354,22,1,android,Dubai,UPI,1,0
TXN0588,U020,1824,16,5,android,Delhi,WALLET,0,0
TXN0589,U077,7282,20,5,ios,Bangalore,CARD,0,0
TXN0590,U069,1312,20,6,ios,Bangkok,WALLET,1,0
TXN0591,U080,1213,16,5,web,Chennai,WALLET,0,0
TXN0592,U087,36029,21,2,web,Pune,CARD,0,0
TXN0593,U002,2384,4,3,web,Mumbai,UPI,0,0
TXN0594,U012,22965,21,3,ios,Chennai,CARD,0,0
TXN0595,U041,593,18,2,web,Chennai,UPI,0,0
TXN0596,U003,40256,9,0,ios,Bangkok,CARD,1,0
TXN0597,U016,1064,10,1,web,Dubai,WALLET,1,0
TXN0598,U019,2581,9,4,android,Moscow,UPI,1,0
TXN0599,U053,29541,3,5,web,Pune,CARD,0,0
TXN0600,U084,47415,8,4,ios,Moscow,CARD,1,0
TXN0601,U034,678,18,4,ios,Dubai,WALLET,1,0
TXN0602,U041,2882,0,4,android,Mumbai,UPI,0,0
TXN0603,U004,1553,11,1,ios,Pune,WALLET,0,0
TXN0604,U035,123,19,4,web,Dubai,WALLET,1,0
TXN0605,U089,2658,15,3,ios,Mumbai,UPI,0,0
TXN0606,U042,2605,8,6,android,London,UPI,1,0
TXN0607,U078,33235,14,5,ios,Mumbai,CARD,0,0
TXN0608,U017,2745,11,5,android,Pune,CARD,0,0
TXN0609,U072,641,18,6,android,Bangkok,UPI,1,0
TXN0610,U067,2822,21,6,android,Dubai,WALLET,1,0
TXN0611,U062,678,15,6,web,Bangalore,UPI,0,0
TXN0612,U048,10828,0,3,android,Delhi,CARD,0,0
TXN0613,U070,7127,20,3,android,Bangalore,CARD,0,0
TXN0614,U022,2312,4,2,android,Chennai,WALLET,0,0
TXN0615,U088,675,18,1,web,London,WALLET,1,0
TXN0616,U052,19313,4,5,ios,Bangkok,CARD,1,1
TXN0617,U072,2032,21,2,web,London,UPI,1,0
TXN0618,U065,2815,0,2,android,Moscow,WALLET,1,0
TXN0619,U058,1166,7,4,web,Dubai,WALLET,1,0
TXN0620,U020,933,23,4,android,Bangalore,UPI,0,0
TXN0621,U079,28570,9,2,android,Moscow,CARD,1,0
TXN0622,U041,2528,4,2,web,Delhi,UPI,0,0
TXN0623,U095,1280,8,2,android,Bangalore,WALLET,0,0
TXN0624,U006,2546,23,4,web,Delhi,UPI,0,0
TXN0625,U019,192,18,1,ios,Delhi,WALLET,0,0
TXN0626,U052,1237,21,2,web,Chennai,WALLET,0,0
TXN0627,U017,2815,2,1,android,Mumbai,UPI,0,0
TXN0628,U038,1477,8,5,android,Delhi,UPI,0,0
TXN0629,U080,1151,9,2,android,Mumbai,WALLET,0,0
TXN0630,U037,1605,1,1,ios,Pune,WALLET,0,0
TXN0631,U081,1666,18,0,android,Dubai,UPI,1,0
TXN0632,U088,2749,23,1,android,Bangalore,UPI,0,0
TXN0633,U069,1560,0,1,ios,Dubai,UPI,1,0
TXN0634,U017,2512,6,4,android,Bangkok,UPI,1,0
TXN0635,U005,19333,10,6,android,Mumbai,CARD,0,0
TXN0636,U017,3119,1,1,ios,Dubai,CARD,1,0
TXN0637,U068,436,10,5,web,Pune,UPI,0,0
TXN0638,U083,12286,15,0,ios,Dubai,CARD,1,0
TXN0639,U016,855,21,2,web,Bangkok,WALLET,1,0
TXN0640,U069,2770,11,4,web,Bangkok,UPI,1,0
TXN0641,U083,105,0,1,web,Moscow,WALLET,1,0
TXN0642,U075,36774,10,4,web,Bangalore,CARD,0,0
TXN0643,U032,2810,23,0,ios,Delhi,WALLET,0,0
TXN0644,U091,624,13,6,ios,Moscow,UPI,1,0
TXN0645,U002,6238,23,1,web,Pune,CARD,0,0
TXN0646,U089,1615,8,6,android,Moscow,WALLET,1,0
TXN0647,U099,27961,2,3,android,Bangalore,CARD,0,0
TXN0648,U012,87,3,2,web,London,UPI,1,0
TXN0649,U088,684,0,1,ios,Mumbai,WALLET,0,0
TXN0650,U067,40826,19,5,ios,London,CARD,1,0
TXN0651,U024,1110,13,5,ios,Mumbai,UPI,0,0
TXN0652,U067,19976,15,4,web,Delhi,CARD,0,0
TXN0653,U091,2826,23,0,ios,Delhi,UPI,0,0
TXN0654,U021,539,21,0,web,Mumbai,UPI,0,0
TXN0655,U096,2590,17,2,android,Chennai,UPI,0,0
TXN0656,U045,45565,18,2,ios,London,CARD,1,0
TXN0657,U075,2948,11,4,android,Mumbai,UPI,0,0
TXN0658,U074,252,0,1,web,Mumbai,UPI,0,0
TXN0659,U053,2063,11,2,web,London,UPI,1,0
TXN0660,U018,107,16,3,ios,Chennai,UPI,0,0
TXN0661,U087,2931,17,1,android,Dubai,UPI,1,0
TXN0662,U036,18254,14,0,web,Dubai,CARD,1,0
TXN0663,U061,1128,15,5,android,Pune,WALLET,0,0
TXN0664,U015,48661,7,6,ios,Bangkok,CARD,1,0
TXN0665,U062,1123,17,5,web,Dubai,UPI,1,0
TXN0666,U056,2546,13,2,web,Bangkok,WALLET,1,0
TXN0667,U082,48665,2,0,ios,Delhi,CARD,0,0
TXN0668,U085,49458,6,4,ios,London,CARD,1,0
TXN0669,U085,43529,18,5,ios,Bangkok,CARD,1,0
TXN0670,U092,1377,7,6,web,Delhi,WALLET,0,0
TXN0671,U045,1714,5,2,web,Bangalore,WALLET,0,0
TXN0672,U059,1493,22,2,android,Bangalore,UPI,0,0
TXN0673,U092,2331,15,4,web,Bangkok,UPI,1,0
TXN0674,U024,1351,15,5,web,Dubai,UPI,1,0
TXN0675,U012,41806,0,4,web,Bangkok,CARD,1,1
TXN0676,U079,26818,9,1,ios,Bangkok,CARD,1,0
TXN0677,U041,1283,14,5,ios,Dubai,WALLET,1,0
TXN0678,U056,10483,13,6,android,Mumbai,CARD,0,0
TXN0679,U043,47997,8,3,android,Bangalore,CARD,0,0
TXN0680,U002,34618,4,2,android,Chennai,CARD,0,0
TXN0681,U042,39526,19,0,ios,Mumbai,CARD,0,0
TXN0682,U011,2515,20,5,ios,Pune,WALLET,0,0
TXN0683,U058,2916,22,2,web,Chennai,WALLET,0,0
TXN0684,U089,37420,12,2,web,Bangalore,CARD,0,0
TXN0685,U078,2363,10,0,android,Moscow,WALLET,1,0
TXN0686,U037,2704,19,4,ios,London,WALLET,1,0
TXN0687,U066,12283,10,5,ios,Moscow,CARD,1,0
TXN0688,U021,1515,4,5,web,Delhi,WALLET,0,0
TXN0689,U052,2136,3,3,ios,Dubai,WALLET,1,0
TXN0690,U048,1580,7,3,android,London,WALLET,1,0
TXN0691,U017,720,7,1,android,Bangkok,WALLET,1,0
TXN0692,U035,2784,10,5,android,Bangkok,UPI,1,0
TXN0693,U021,30058,5,1,android,Pune,CARD,0,0
TXN0694,U004,1638,7,6,ios,Delhi,UPI,0,0
TXN0695,U035,31946,4,2,ios,Delhi,CARD,0,0
TXN0696,U075,27049,20,1,android,Pune,CARD,0,0
TXN0697,U051,1343,6,5,android,Mumbai,WALLET,0,0
TXN0698,U022,2842,13,0,web,Bangalore,UPI,0,0
TXN0699,U074,397,18,1,ios,Moscow,WALLET,1,0
TXN0700,U050,14785,7,3,android,Dubai,CARD,1,0
TXN0701,U045,25741,11,0,web,London,CARD,1,0
TXN0702,U057,1550,14,0,android,Mumbai,UPI,0,0
TXN0703,U063,8228,17,0,web,Mumbai,CARD,0,0
TXN0704,U074,2618,17,0,ios,Dubai,UPI,1,0
TXN0705,U079,1949,19,4,ios,London,WALLET,1,0
TXN0706,U037,1491,5,5,web,Bangalore,WALLET,0,0
TXN0707,U100,39159,19,3,ios,Moscow,CARD,1,0
TXN0708,U085,14021,3,5,ios,London,CARD,1,1
TXN0709,U098,231,8,4,android,Pune,WALLET,0,0
TXN0710,U081,2104,1,2,ios,Bangalore,UPI,0,0
TXN0711,U013,500,8,0,ios,Bangalore,WALLET,0,0
TXN0712,U033,2252,15,6,android,Bangkok,WALLET,1,0
TXN0713,U025,2196,12,0,android,London,UPI,1,0
TXN0714,U055,808,14,4,android,Dubai,WALLET,1,0
TXN0715,U041,1643,15,6,ios,Pune,UPI,0,0
TXN0716,U003,15156,12,1,web,Bangkok,CARD,1,0
TXN0717,U033,16163,4,0,android,Chennai,CARD,0,0
TXN0718,U093,804,15,3,ios,Mumbai,WALLET,0,0
TXN0719,U014,1996,21,0,ios,Bangkok,WALLET,1,0
TXN0720,U049,2114,0,2,android,Bangalore,UPI,0,0
TXN0721,U028,15824,4,4,android,Dubai,CARD,1,1
TXN0722,U054,2043,0,1,android,Mumbai,UPI,0,0
TXN0723,U035,2728,6,2,web,Delhi,CARD,0,0
TXN0724,U061,43872,16,1,ios,Bangkok,CARD,1,0
TXN0725,U082,4067,9,5,android,Chennai,CARD,0,0
TXN0726,U022,3479,17,1,ios,Chennai,CARD,0,0
TXN0727,U047,11581,22,1,android,Delhi,CARD,0,0
TXN0728,U017,7381,19,5,android,Bangkok,CARD,1,0
TXN0729,U091,12584,5,1,android,Chennai,CARD,0,0
TXN0730,U018,25824,14,4,web,Chennai,CARD,0,0
TXN0731,U031,27587,19,4,android,Mumbai,CARD,0,0
TXN0732,U095,2192,20,4,web,London,UPI,1,0
TXN0733,U092,45596,23,1,web,London,CARD,1,0
TXN0734,U041,31388,9,6,web,London,CARD,1,0
TXN0735,U041,478,19,0,ios,London,UPI,1,0
TXN0736,U063,46007,9,2,web,Moscow,CARD,1,0
TXN0737,U025,1455,14,3,android,Mumbai,WALLET,0,0
TXN0738,U034,933,10,6,web,Chennai,UPI,0,0
TXN0739,U006,10594,3,2,android,Bangalore,CARD,0,0
TXN0740,U009,16971,5,4,web,Mumbai,CARD,0,0
TXN0741,U004,1259,3,3,android,Bangalore,UPI,0,0
TXN0742,U090,14789,21,1,web,Bangkok,CARD,1,0
TXN0743,U011,1405,6,5,web,Dubai,UPI,1,0
TXN0744,U022,48914,23,1,android,Chennai,CARD,0,0
TXN0745,U036,23150,9,6,web,London,CARD,1,0
TXN0746,U039,2954,9,0,android,Moscow,WALLET,1,0
TXN0747,U026,1330,14,2,web,Bangalore,UPI,0,0
TXN0748,U078,819,17,2,android,London,UPI,1,0
TXN0749,U057,1697,2,0,ios,London,UPI,1,0
TXN0750,U016,2190,3,0,ios,Chennai,WALLET,0,0
TXN0751,U050,1664,17,4,android,Moscow,UPI,1,0
TXN0752,U053,1892,15,6,ios,Delhi,WALLET,0,0
TXN0753,U085,36724,22,6,ios,Bangkok,CARD,1,0
TXN0754,U089,31324,8,3,android,Bangkok,CARD,1,0
TXN0755,U089,21701,10,5,web,Pune,CARD,0,0
TXN0756,U071,1918,18,3,ios,Dubai,WALLET,1,0
TXN0757,U004,930,12,2,ios,Delhi,WALLET,0,0
TXN0758,U097,1506,5,4,ios,Moscow,WALLET,1,0
TXN0759,U067,1533,20,6,ios,Mumbai,WALLET,0,0
TXN0760,U068,45769,12,0,android,Chennai,CARD,0,0
TXN0761,U072,1082,7,0,android,Moscow,UPI,1,0
TXN0762,U034,7385,8,3,android,Moscow,CARD,1,0
TXN0763,U029,250,22,6,ios,Bangalore,WALLET,0,0
TXN0764,U025,1772,12,6,web,Bangalore,UPI,0,0
TXN0765,U032,26122,17,3,android,Dubai,CARD,1,0
TXN0766,U027,2859,17,5,web,London,UPI,1,0
TXN0767,U041,460,6,6,web,Dubai,WALLET,1,0
TXN0768,U027,344,7,5,web,Delhi,WALLET,0,0
TXN0769,U088,1847,6,1,android,Bangalore,UPI,0,0
TXN0770,U045,1496,17,4,web,Mumbai,UPI,0,0
TXN0771,U059,2849,23,2,ios,Mumbai,UPI,0,0
TXN0772,U061,18159,16,4,web,Mumbai,CARD,0,0
TXN0773,U050,2924,18,1,ios,Bangkok,WALLET,1,0
TXN0774,U049,2319,12,0,ios,Moscow,WALLET,1,0
TXN0775,U031,2457,12,3,ios,Pune,WALLET,0,0
TXN0776,U051,814,23,2,ios,Pune,UPI,0,0
TXN0777,U014,2012,7,0,ios,London,WALLET,1,0
TXN0778,U051,1870,3,1,web,Mumbai,WALLET,0,0
TXN0779,U008,1494,5,3,android,Moscow,WALLET,1,0
TXN0780,U023,633,9,3,android,Dubai,UPI,1,0
TXN0781,U042,4247,16,3,ios,Pune,CARD,0,0
TXN0782,U051,21864,21,3,ios,Dubai,CARD,1,0
TXN0783,U094,749,15,6,ios,Dubai,WALLET,1,0
TXN0784,U066,372,5,5,android,Mumbai,WALLET,0,0
TXN0785,U060,2900,0,4,ios,Bangkok,UPI,1,0
TXN0786,U096,21578,8,6,android,Mumbai,CARD,0,0
TXN0787,U094,2682,6,4,web,Bangkok,UPI,1,0
TXN0788,U080,219,16,4,web,Chennai,WALLET,0,0
TXN0789,U017,1459,16,0,android,Bangalore,UPI,0,0
TXN0790,U092,1018,17,1,android,Pune,UPI,0,0
TXN0791,U033,1020,14,3,android,Bangalore,WALLET,0,0
TXN0792,U076,1356,10,3,web,Bangalore,UPI,0,0
TXN0793,U036,36702,15,4,android,Moscow,CARD,1,0
TXN0794,U011,27122,13,5,android,London,CARD,1,0
TXN0795,U007,6480,10,6,android,London,CARD,1,0
TXN0796,U079,30874,7,2,android,Moscow,CARD,1,0
TXN0797,U027,1099,16,2,android,Bangalore,WALLET,0,0
TXN0798,U014,1520,19,4,android,Chennai,UPI,0,0
TXN0799,U088,297,14,5,ios,Pune,WALLET,0,0
TXN0800,U024,2690,9,0,android,Chennai,CARD,0,0
TXN0801,U050,35166,21,3,web,Chennai,CARD,0,0
TXN0802,U012,2716,0,0,ios,Chennai,UPI,0,0
TXN0803,U055,2487,18,3,android,Chennai,UPI,0,0
TXN0804,U012,735,18,4,ios,Bangkok,UPI,1,0
TXN0805,U051,49792,1,2,ios,Bangkok,CARD,1,1
TXN0806,U041,383,7,4,ios,Mumbai,WALLET,0,0
TXN0807,U033,1302,11,4,ios,Mumbai,UPI,0,0
TXN0808,U032,6347,22,0,ios,London,CARD,1,0
TXN0809,U024,2366,6,5,android,Bangkok,UPI,1,0
TXN0810,U019,1730,0,4,web,Bangkok,WALLET,1,0
TXN0811,U039,60,2,3,android,Delhi,UPI,0,0
TXN0812,U040,1561,23,5,android,Chennai,WALLET,0,0
TXN0813,U048,40996,4,2,web,Chennai,CARD,0,0
TXN0814,U066,22168,2,1,android,Bangkok,CARD,1,1
TXN0815,U060,512,7,0,web,Dubai,UPI,1,0
TXN0816,U078,27946,2,5,android,Bangkok,CARD,1,1
TXN0817,U088,164,7,4,web,Delhi,WALLET,0,0
TXN0818,U027,2074,9,1,ios,Dubai,UPI,1,0
TXN0819,U044,188,15,1,android,Moscow,UPI,1,0
TXN0820,U010,1926,4,4,web,Mumbai,UPI,0,0
TXN0821,U028,1480,18,0,android,Mumbai,UPI,0,0
TXN0822,U054,9634,7,0,ios,Bangkok,CARD,1,0
TXN0823,U091,2767,7,6,ios,Bangalore,UPI,0,0
TXN0824,U070,1567,13,0,android,Chennai,WALLET,0,0
TXN0825,U032,9615,10,1,web,Mumbai,CARD,0,0
TXN0826,U094,731,7,5,ios,Dubai,UPI,1,0
TXN0827,U025,1360,22,4,android,Bangalore,UPI,0,0
TXN0828,U085,2842,1,4,web,Mumbai,WALLET,0,0
TXN0829,U083,2128,1,1,android,Bangalore,UPI,0,0
TXN0830,U047,31794,20,5,web,Delhi,CARD,0,0
TXN0831,U056,49206,23,5,android,Pune,CARD,0,0
TXN0832,U057,938,8,1,android,Bangkok,WALLET,1,0
TXN0833,U046,221,21,1,android,Mumbai,UPI,0,0
TXN0834,U063,1645,22,5,android,Bangkok,WALLET,1,0
TXN0835,U084,2458,1,3,web,London,WALLET,1,0
TXN0836,U018,1979,11,0,ios,Chennai,WALLET,0,0
TXN0837,U013,29634,17,6,ios,Pune,CARD,0,0
TXN0838,U074,199,17,3,web,Delhi,UPI,0,0
TXN0839,U040,42274,1,0,web,Delhi,CARD,0,0
TXN0840,U061,15229,2,3,ios,Bangalore,CARD,0,0
TXN0841,U076,13764,18,4,ios,London,CARD,1,0
TXN0842,U005,572,12,3,ios,Delhi,UPI,0,0
TXN0843,U034,1161,16,2,web,Delhi,CARD,0,0
TXN0844,U083,1847,0,5,android,Mumbai,UPI,0,0
TXN0845,U100,21774,4,5,web,London,CARD,1,1
TXN0846,U090,2132,22,1,ios,Bangalore,WALLET,0,0
TXN0847,U067,1509,20,0,web,Mumbai,WALLET,0,0
TXN0848,U083,22999,13,3,android,Mumbai,CARD,0,0
TXN0849,U041,2276,1,4,android,London,UPI,1,0
TXN0850,U070,187,15,3,web,Dubai,UPI,1,0
TXN0851,U086,31481,18,5,android,Bangkok,CARD,1,0
TXN0852,U081,1430,7,0,web,Delhi,WALLET,0,0
TXN0853,U074,1482,20,5,ios,Delhi,UPI,0,0
TXN0854,U011,400,17,3,ios,Bangalore,WALLET,0,0
TXN0855,U094,843,9,3,ios,Delhi,WALLET,0,0
TXN0856,U054,9544,6,2,android,Dubai,CARD,1,0
TXN0857,U044,2756,4,3,android,Moscow,UPI,1,0
TXN0858,U009,15294,17,0,web,London,CARD,1,0
TXN0859,U034,1543,7,5,android,Moscow,WALLET,1,0
TXN0860,U043,416,0,0,web,Bangalore,WALLET,0,0
TXN0861,U002,220,6,0,android,Chennai,WALLET,0,0
TXN0862,U070,1053,13,2,android,Delhi,WALLET,0,0
TXN0863,U045,1431,3,3,ios,Moscow,UPI,1,0
TXN0864,U052,1427,23,2,ios,Moscow,WALLET,1,0
TXN0865,U077,10880,10,0,android,Chennai,CARD,0,0
TXN0866,U068,25731,14,4,ios,Bangkok,CARD,1,0
TXN0867,U036,2494,10,6,android,London,UPI,1,0
TXN0868,U034,1173,13,1,web,Bangkok,CARD,1,0
TXN0869,U017,36659,16,5,web,Bangalore,CARD,0,0
TXN0870,U070,1443,16,5,android,Bangkok,UPI,1,0
TXN0871,U052,22078,4,4,web,Moscow,CARD,1,1
TXN0872,U097,3249,0,2,ios,Chennai,CARD,0,0
TXN0873,U012,2335,19,6,web,Moscow,UPI,1,0
TXN0874,U037,27955,14,6,ios,Pune,CARD,0,0
TXN0875,U036,2900,18,3,android,London,UPI,1,0
TXN0876,U075,2407,22,0,web,Moscow,WALLET,1,0
TXN0877,U017,247,10,0,android,Pune,UPI,0,0
TXN0878,U076,1712,9,1,web,Delhi,WALLET,0,0
TXN0879,U076,282,14,1,web,Dubai,UPI,1,0
TXN0880,U067,45007,21,3,ios,Pune,CARD,0,0
TXN0881,U051,2763,18,2,android,Bangkok,UPI,1,0
TXN0882,U082,2320,10,4,web,London,WALLET,1,0
TXN0883,U011,2079,13,2,web,Chennai,UPI,0,0
TXN0884,U041,9654,2,2,ios,Moscow,CARD,1,1
TXN0885,U080,2356,15,1,web,Chennai,UPI,0,0
TXN0886,U069,2776,18,0,android,Pune,UPI,0,0
TXN0887,U100,2588,11,6,web,Chennai,UPI,0,0
TXN0888,U058,1346,12,1,android,Moscow,UPI,1,0
TXN0889,U018,1931,1,4,ios,Moscow,UPI,1,0
TXN0890,U090,2574,19,1,ios,Delhi,UPI,0,0
TXN0891,U086,28582,14,6,ios,Mumbai,CARD,0,0
TXN0892,U013,867,3,4,ios,Bangalore,UPI,0,0
TXN0893,U053,7010,13,0,web,Delhi,CARD,0,0
TXN0894,U025,8532,18,4,web,London,CARD,1,0
TXN0895,U089,1312,19,6,web,Delhi,WALLET,0,0
TXN0896,U009,2703,14,5,ios,Mumbai,UPI,0,0
TXN0897,U045,5301,18,5,web,Moscow,CARD,1,0
TXN0898,U098,1442,17,1,web,Moscow,WALLET,1,0
TXN0899,U009,1692,23,5,web,Dubai,WALLET,1,0
TXN0900,U008,1616,19,4,ios,Mumbai,WALLET,0,0
TXN0901,U083,2364,9,1,ios,Dubai,WALLET,1,0
TXN0902,U057,1142,1,3,android,Pune,WALLET,0,0
TXN0903,U014,1023,6,3,android,London,WALLET,1,0
TXN0904,U044,2519,5,3,ios,Delhi,UPI,0,0
TXN0905,U032,8781,23,2,android,Bangkok,CARD,1,0
TXN0906,U025,2262,20,6,web,Dubai,CARD,1,0
TXN0907,U018,2339,16,2,android,Delhi,WALLET,0,0
TXN0908,U096,2259,8,5,ios,Moscow,UPI,1,0
TXN0909,U042,936,10,6,android,Delhi,UPI,0,0
TXN0910,U035,2209,16,5,ios,Moscow,UPI,1,0
TXN0911,U002,2091,12,5,ios,Moscow,WALLET,1,0
TXN0912,U052,1955,2,4,web,Chennai,WALLET,0,0
TXN0913,U061,45520,6,1,ios,Moscow,CARD,1,0
TXN0914,U022,1502,3,5,web,Delhi,UPI,0,0
TXN0915,U017,28841,4,0,ios,Bangalore,CARD,0,0
TXN0916,U008,1354,14,5,android,Chennai,UPI,0,0
TXN0917,U074,1108,23,3,android,London,WALLET,1,0
TXN0918,U022,276,14,3,web,Dubai,WALLET,1,0
TXN0919,U090,1041,22,3,web,Moscow,WALLET,1,0
TXN0920,U064,12279,7,6,web,Pune,CARD,0,0
TXN0921,U065,833,20,3,android,Bangkok,UPI,1,0
TXN0922,U057,35460,18,1,ios,Bangkok,CARD,1,0
TXN0923,U004,2309,21,3,ios,Dubai,UPI,1,0
TXN0924,U011,2561,3,4,android,Pune,WALLET,0,0
TXN0925,U070,2871,20,4,web,Delhi,UPI,0,0
TXN0926,U004,2833,3,3,ios,Mumbai,WALLET,0,0
TXN0927,U090,106,20,4,android,Bangkok,WALLET,1,0
TXN0928,U086,44820,23,3,web,Dubai,CARD,1,0
TXN0929,U065,3320,13,3,web,Delhi,CARD,0,0
TXN0930,U018,712,11,1,web,Moscow,WALLET,1,0
TXN0931,U071,227,14,1,android,Chennai,WALLET,0,0
TXN0932,U004,21522,19,6,ios,Delhi,CARD,0,0
TXN0933,U010,10723,12,4,ios,Dubai,CARD,1,0
TXN0934,U093,784,13,2,android,Bangalore,WALLET,0,0
TXN0935,U091,269,10,6,ios,Delhi,UPI,0,0
TXN0936,U028,693,22,0,android,Bangkok,WALLET,1,0
TXN0937,U043,6738,23,0,web,Dubai,CARD,1,0
TXN0938,U049,16921,11,4,android,Mumbai,CARD,0,0
TXN0939,U008,1724,11,3,web,Bangalore,UPI,0,0
TXN0940,U074,2176,11,2,ios,Delhi,UPI,0,0
TXN0941,U093,711,2,3,ios,Mumbai,WALLET,0,0
TXN0942,U011,38204,16,1,android,Moscow,CARD,1,0
TXN0943,U069,826,4,3,web,Pune,UPI,0,0
TXN0944,U084,1138,4,4,web,Mumbai,WALLET,0,0
TXN0945,U005,1490,10,4,ios,Dubai,UPI,1,0
TXN0946,U006,10225,9,5,web,Chennai,CARD,0,0
TXN0947,U062,2692,11,4,ios,Pune,WALLET,0,0
TXN0948,U011,329,17,1,android,Delhi,UPI,0,0
TXN0949,U083,26177,8,0,ios,Moscow,CARD,1,0
TXN0950,U024,1364,4,5,android,Chennai,UPI,0,0
TXN0951,U076,45751,17,4,android,Mumbai,CARD,0,0
TXN0952,U013,2632,16,5,ios,Dubai,WALLET,1,0
TXN0953,U033,2028,20,4,android,Delhi,UPI,0,0
TXN0954,U057,2293,16,4,web,London,WALLET,1,0
TXN0955,U068,7851,13,6,ios,Chennai,CARD,0,0
TXN0956,U098,2789,16,0,web,Bangkok,UPI,1,0
TXN0957,U013,1341,7,4,web,Chennai,UPI,0,0
TXN0958,U041,16105,17,0,web,London,CARD,1,0
TXN0959,U025,25558,16,3,web,Mumbai,CARD,0,0
TXN0960,U078,19965,7,4,ios,Mumbai,CARD,0,0
TXN0961,U053,2086,0,4,android,Pune,WALLET,0,0
TXN0962,U078,735,7,3,ios,London,UPI,1,0
TXN0963,U068,1140,19,6,android,Bangalore,WALLET,0,0
TXN0964,U084,534,20,1,web,London,UPI,1,0
TXN0965,U073,27839,15,1,web,Pune,CARD,0,0
TXN0966,U017,22870,1,4,web,London,CARD,1,1
TXN0967,U092,19738,7,3,android,Moscow,CARD,1,0
TXN0968,U086,690,14,2,android,Bangalore,UPI,0,0
TXN0969,U068,160,22,5,ios,Bangkok,WALLET,1,0
TXN0970,U080,615,12,1,web,Pune,UPI,0,0
TXN0971,U024,929,10,0,web,Bangalore,WALLET,0,0
TXN0972,U044,5087,9,5,ios,Delhi,CARD,0,0
TXN0973,U010,37938,5,5,ios,London,CARD,1,0
TXN0974,U096,1547,7,1,web,Moscow,UPI,1,0
TXN0975,U075,1730,0,5,android,London,WALLET,1,0
TXN0976,U067,2143,3,0,web,Mumbai,UPI,0,0
TXN0977,U029,2838,13,4,web,Chennai,UPI,0,0
TXN0978,U082,49560,22,2,web,Bangalore,CARD,0,0
TXN0979,U081,155,4,6,android,Chennai,WALLET,0,0
TXN0980,U081,1881,1,2,android,Bangkok,UPI,1,0
TXN0981,U078,1326,1,2,android,Bangkok,UPI,1,0
TXN0982,U006,1447,15,2,ios,Dubai,UPI,1,0
TXN0983,U031,742,19,6,ios,Dubai,WALLET,1,0
TXN0984,U039,27283,8,4,web,Chennai,CARD,0,0
TXN0985,U076,5902,2,4,web,Pune,CARD,0,0
TXN0986,U095,2898,23,0,web,Bangalore,WALLET,0,0
TXN0987,U037,163,20,3,ios,Dubai,UPI,1,0
TXN0988,U047,24752,11,5,android,Mumbai,CARD,0,0
TXN0989,U088,17230,4,4,android,Dubai,CARD,1,1
TXN0990,U020,2390,7,2,android,Delhi,WALLET,0,0
TXN0991,U064,14743,18,5,web,Dubai,CARD,1,0
TXN0992,U062,2973,17,1,web,Dubai,UPI,1,0
TXN0993,U047,44671,8,0,web,London,CARD,1,0
TXN0994,U075,2912,14,5,android,Pune,UPI,0,0
TXN0995,U029,9058,22,4,ios,Chennai,CARD,0,0
TXN0996,U068,22320,2,2,ios,Moscow,CARD,1,1
TXN0997,U036,40169,20,5,android,Moscow,CARD,1,0
TXN0998,U077,575,1,5,ios,Bangalore,WALLET,0,0
TXN0999,U036,4531,8,4,ios,Moscow,CARD,1,0
TXN1000,U043,13882,14,5,android,Mumbai,CARD,0,0
